source,target,t_infect,weight,directed
149,157,40,40,True
163,173,40,40,True
33,30,45,45,True
23,74,48,48,True
30,33,85,85,True
149,157,103,103,True
153,174,109,109,True
23,74,115,115,True
71,42,120,120,True
11,45,121,121,True
174,153,122,122,True
174,158,123,123,True
47,41,124,124,True
158,156,126,126,True
160,168,131,131,True
153,174,149,149,True
71,42,150,150,True
62,70,152,152,True
168,177,159,159,True
149,157,160,160,True
149,158,161,161,True
74,23,164,164,True
74,23,177,177,True
158,162,186,186,True
177,170,189,189,True
160,168,192,192,True
168,152,194,194,True
157,149,218,218,True
168,152,231,231,True
168,160,236,236,True
62,70,237,237,True
152,168,237,237,True
174,158,244,244,True
168,160,268,268,True
158,174,289,289,True
168,166,290,290,True
153,174,296,296,True
174,153,308,308,True
168,160,310,310,True
153,174,314,314,True
168,160,321,321,True
174,153,322,322,True
160,168,322,322,True
70,62,324,324,True
168,160,330,330,True
62,70,336,336,True
160,167,345,345,True
168,160,356,356,True
160,168,368,368,True
168,152,382,382,True
70,62,384,384,True
168,152,384,384,True
153,163,385,385,True
153,173,385,385,True
160,165,388,388,True
168,177,388,388,True
165,149,389,389,True
168,150,389,389,True
163,155,389,389,True
165,154,389,389,True
168,167,389,389,True
62,41,390,390,True
154,175,390,390,True
175,172,392,392,True
149,164,393,393,True
154,158,396,396,True
165,156,396,396,True
158,157,397,397,True
62,8,400,400,True
62,45,400,400,True
8,21,402,402,True
8,42,402,402,True
62,33,402,402,True
62,40,402,402,True
45,68,402,402,True
154,175,402,402,True
42,71,404,404,True
160,168,404,404,True
62,14,405,405,True
68,7,406,406,True
167,175,406,406,True
164,162,406,406,True
62,21,408,408,True
68,7,411,411,True
45,86,412,412,True
154,94,412,412,True
150,149,413,413,True
167,94,414,414,True
71,42,415,415,True
152,117,415,415,True
40,14,416,416,True
86,7,417,417,True
167,109,417,417,True
8,11,418,418,True
40,70,418,418,True
40,70,419,419,True
153,176,422,422,True
150,157,425,425,True
167,175,425,425,True
152,117,426,426,True
42,53,430,430,True
160,152,430,430,True
173,158,432,432,True
163,79,433,433,True
7,141,436,436,True
70,47,436,436,True
94,98,436,436,True
176,159,436,436,True
168,166,437,437,True
86,131,438,438,True
79,128,439,439,True
172,149,439,439,True
128,28,440,440,True
62,65,440,440,True
131,89,440,440,True
158,156,440,440,True
28,0,441,441,True
68,46,441,441,True
21,60,441,441,True
70,108,441,441,True
42,45,441,441,True
131,89,441,441,True
8,47,442,442,True
14,25,442,442,True
28,96,443,443,True
79,88,443,443,True
28,125,444,444,True
96,50,444,444,True
168,171,444,444,True
8,1,445,445,True
88,90,445,445,True
109,107,445,445,True
168,152,445,445,True
117,111,446,446,True
28,124,448,448,True
125,126,449,449,True
11,0,450,450,True
11,45,450,450,True
131,147,450,450,True
111,115,452,452,True
46,60,453,453,True
50,57,453,453,True
108,87,455,455,True
28,128,462,462,True
11,0,465,465,True
149,157,469,469,True
173,163,472,472,True
11,45,473,473,True
141,86,474,474,True
115,113,474,474,True
160,168,474,474,True
157,162,475,475,True
160,168,479,479,True
21,8,480,480,True
126,125,480,480,True
149,172,480,480,True
57,50,481,481,True
158,174,483,483,True
157,149,486,486,True
149,157,488,488,True
47,21,498,498,True
172,149,504,504,True
14,47,506,506,True
28,124,510,510,True
11,0,512,512,True
28,128,517,517,True
174,173,530,530,True
14,47,531,531,True
156,158,537,537,True
157,149,539,539,True
156,158,540,540,True
158,153,541,541,True
156,176,544,544,True
57,50,545,545,True
11,7,546,546,True
60,46,546,546,True
11,45,548,548,True
149,172,552,552,True
0,7,556,556,True
149,157,556,556,True
174,153,561,561,True
173,163,562,562,True
21,8,565,565,True
156,158,565,565,True
8,45,566,566,True
45,11,568,568,True
158,156,570,570,True
60,46,579,579,True
57,50,579,579,True
0,11,581,581,True
14,47,583,583,True
11,0,587,587,True
156,158,590,590,True
158,162,594,594,True
45,8,596,596,True
57,50,596,596,True
45,11,603,603,True
156,176,605,605,True
163,173,605,605,True
153,158,608,608,True
157,162,612,612,True
11,0,629,629,True
21,8,636,636,True
173,163,636,636,True
8,41,643,643,True
50,57,646,646,True
8,45,649,649,True
28,128,663,663,True
158,149,664,664,True
57,50,667,667,True
156,158,672,672,True
156,176,672,672,True
8,21,673,673,True
158,174,673,673,True
156,158,679,679,True
28,124,681,681,True
158,156,681,681,True
1,34,684,684,True
57,50,689,689,True
57,129,692,692,True
21,8,695,695,True
57,50,701,701,True
57,50,711,711,True
45,11,712,712,True
50,125,714,714,True
125,126,717,717,True
158,149,717,717,True
125,50,729,729,True
125,50,744,744,True
153,157,751,751,True
157,149,752,752,True
57,129,760,760,True
8,45,761,761,True
126,125,761,761,True
174,153,762,762,True
129,57,779,779,True
45,74,780,780,True
8,21,781,781,True
1,14,782,782,True
74,23,783,783,True
176,156,786,786,True
14,62,792,792,True
45,68,792,792,True
45,68,800,800,True
125,115,804,804,True
153,158,908,908,True
153,174,909,909,True
158,174,936,936,True
158,38,938,938,True
38,173,939,939,True
174,151,941,941,True
174,163,943,943,True
158,154,945,945,True
158,175,945,945,True
151,156,955,955,True
175,167,956,956,True
163,172,963,963,True
156,175,966,966,True
172,168,975,975,True
168,174,979,979,True
168,81,980,980,True
174,153,980,980,True
175,156,981,981,True
154,167,981,981,True
168,158,981,981,True
156,175,982,982,True
158,174,983,983,True
154,169,984,984,True
168,176,986,986,True
168,156,994,994,True
158,153,996,996,True
176,154,1006,1006,True
175,158,1027,1027,True
158,153,1040,1040,True
154,175,1044,1044,True
38,32,1051,1051,True
38,173,1057,1057,True
167,154,1079,1079,True
156,168,1092,1092,True
175,167,1093,1093,True
174,153,1156,1156,True
175,156,1157,1157,True
168,0,1159,1159,True
175,42,1159,1159,True
0,11,1161,1161,True
0,68,1161,1161,True
153,158,1163,1163,True
156,164,1163,1163,True
11,8,1164,1164,True
158,173,1164,1164,True
175,154,1165,1165,True
42,25,1166,1166,True
167,160,1166,1166,True
168,165,1167,1167,True
158,149,1168,1168,True
168,152,1168,1168,True
149,161,1169,1169,True
173,163,1169,1169,True
161,149,1170,1170,True
68,7,1171,1171,True
161,159,1171,1171,True
149,157,1172,1172,True
154,160,1172,1172,True
163,173,1172,1172,True
11,8,1181,1181,True
42,25,1182,1182,True
173,165,1182,1182,True
156,176,1183,1183,True
11,0,1186,1186,True
68,7,1193,1193,True
159,161,1197,1197,True
8,11,1201,1201,True
176,162,1207,1207,True
11,45,1208,1208,True
11,8,1214,1214,True
0,11,1223,1223,True
162,179,1227,1227,True
42,25,1229,1229,True
149,157,1232,1232,True
7,68,1245,1245,True
68,7,1256,1256,True
68,7,1261,1261,True
152,168,1275,1275,True
179,163,1275,1275,True
42,25,1281,1281,True
168,160,1294,1294,True
11,8,1296,1296,True
160,154,1297,1297,True
168,167,1299,1299,True
42,25,1303,1303,True
25,42,1309,1309,True
153,174,1309,1309,True
8,11,1310,1310,True
174,158,1314,1314,True
25,40,1315,1315,True
168,154,1330,1330,True
153,174,1349,1349,True
8,11,1355,1355,True
25,42,1364,1364,True
160,168,1378,1378,True
42,25,1379,1379,True
168,154,1387,1387,True
154,160,1393,1393,True
42,25,1398,1398,True
154,168,1403,1403,True
11,0,1411,1411,True
11,0,1413,1413,True
168,167,1413,1413,True
11,0,1415,1415,True
168,175,1415,1415,True
168,152,1420,1420,True
168,160,1421,1421,True
168,154,1427,1427,True
168,154,1430,1430,True
11,8,1438,1438,True
8,11,1443,1443,True
168,154,1460,1460,True
168,152,1483,1483,True
168,152,1500,1500,True
8,11,1505,1505,True
8,11,1516,1516,True
11,0,1518,1518,True
168,154,1519,1519,True
8,45,1521,1521,True
168,154,1522,1522,True
154,167,1523,1523,True
11,41,1524,1524,True
168,152,1525,1525,True
8,14,1529,1529,True
168,152,1529,1529,True
8,37,1530,1530,True
168,158,1531,1531,True
158,151,1532,1532,True
151,156,1533,1533,True
158,26,1549,1549,True
